{
	"credit": "Made with Blockbench",
	"texture_size": [32, 32],
	"textures": {
		"0": "items/shotgun_texture",
		"particle": "items/shotgun_texture"
	},
	"elements": [
		{
			"from": [4, 6, 6],
			"to": [14, 8, 8],
			"rotation": {"angle": 0, "axis": "z", "origin": [9, 7, 7]},
			"faces": {
				"north": {"uv": [3.5, 0, 8.5, 1], "texture": "#0"},
				"east": {"uv": [8.5, 4, 9.5, 5], "texture": "#0"},
				"south": {"uv": [3.5, 1, 8.5, 2], "texture": "#0"},
				"west": {"uv": [8, 8.5, 9, 9.5], "texture": "#0"},
				"up": {"uv": [8.5, 3, 3.5, 2], "texture": "#0"},
				"down": {"uv": [8.5, 3, 3.5, 4], "texture": "#0"}
			}
		},
		{
			"from": [14, 4, 6],
			"to": [19, 7, 8],
			"rotation": {"angle": -22.5, "axis": "z", "origin": [16.5, 7, 7]},
			"faces": {
				"north": {"uv": [5, 5, 7.5, 6.5], "texture": "#0"},
				"east": {"uv": [4, 8.5, 5, 10], "texture": "#0"},
				"south": {"uv": [0, 6, 2.5, 7.5], "texture": "#0"},
				"west": {"uv": [7, 8.5, 8, 10], "texture": "#0"},
				"up": {"uv": [2.5, 8.5, 0, 7.5], "texture": "#0"},
				"down": {"uv": [5, 7.5, 2.5, 8.5], "texture": "#0"}
			}
		},
		{
			"from": [16, 3, 6],
			"to": [17, 4, 8],
			"rotation": {"angle": -22.5, "axis": "z", "origin": [16.5, 7, 7]},
			"faces": {
				"north": {"uv": [4.5, 6, 5, 6.5], "texture": "#0"},
				"east": {"uv": [1, 9.5, 2, 10], "texture": "#0"},
				"south": {"uv": [4, 10, 4.5, 10.5], "texture": "#0"},
				"west": {"uv": [9.5, 1, 10.5, 1.5], "texture": "#0"},
				"up": {"uv": [10, 2.5, 9.5, 1.5], "texture": "#0"},
				"down": {"uv": [10, 2.5, 9.5, 3.5], "texture": "#0"}
			}
		},
		{
			"from": [12, 3, 6],
			"to": [13, 5, 8],
			"rotation": {"angle": -22.5, "axis": "z", "origin": [16.5, 7, 7]},
			"faces": {
				"north": {"uv": [9.5, 3.5, 10, 4.5], "texture": "#0"},
				"east": {"uv": [9, 7.5, 10, 8.5], "texture": "#0"},
				"south": {"uv": [9.5, 6, 10, 7], "texture": "#0"},
				"west": {"uv": [9, 8.5, 10, 9.5], "texture": "#0"},
				"up": {"uv": [8.5, 10.5, 8, 9.5], "texture": "#0"},
				"down": {"uv": [9, 9.5, 8.5, 10.5], "texture": "#0"}
			}
		},
		{
			"from": [10.96927, 2.80448, 6],
			"to": [14.96927, 3.80448, 8],
			"rotation": {"angle": -22.5, "axis": "z", "origin": [14.96927, 3.30448, 7]},
			"faces": {
				"north": {"uv": [2.5, 6, 4.5, 6.5], "texture": "#0"},
				"east": {"uv": [9.5, 4.5, 10.5, 5], "texture": "#0"},
				"south": {"uv": [7.5, 6, 9.5, 6.5], "texture": "#0"},
				"west": {"uv": [9.5, 7, 10.5, 7.5], "texture": "#0"},
				"up": {"uv": [9, 8.5, 7, 7.5], "texture": "#0"},
				"down": {"uv": [2, 8.5, 0, 9.5], "texture": "#0"}
			}
		},
		{
			"from": [18, 3, 6],
			"to": [20, 7, 8],
			"rotation": {"angle": 0, "axis": "z", "origin": [21.5, 5.5, 7]},
			"faces": {
				"north": {"uv": [8.5, 0, 9.5, 2], "texture": "#0"},
				"east": {"uv": [2, 8.5, 3, 10.5], "texture": "#0"},
				"south": {"uv": [8.5, 2, 9.5, 4], "texture": "#0"},
				"west": {"uv": [3, 8.5, 4, 10.5], "texture": "#0"},
				"up": {"uv": [1, 10.5, 0, 9.5], "texture": "#0"},
				"down": {"uv": [10.5, 0, 9.5, 1], "texture": "#0"}
			}
		},
		{
			"from": [20, 2, 6],
			"to": [27, 7, 8],
			"rotation": {"angle": 0, "axis": "y", "origin": [21.5, 5.5, 7]},
			"faces": {
				"north": {"uv": [0, 0, 3.5, 2.5], "texture": "#0"},
				"east": {"uv": [5, 7.5, 6, 10], "texture": "#0"},
				"south": {"uv": [0, 2.5, 3.5, 5], "texture": "#0"},
				"west": {"uv": [6, 7.5, 7, 10], "texture": "#0"},
				"up": {"uv": [6, 7.5, 2.5, 6.5], "texture": "#0"},
				"down": {"uv": [9.5, 6.5, 6, 7.5], "texture": "#0"}
			}
		},
		{
			"from": [-6, 7, 6],
			"to": [4, 8, 8],
			"rotation": {"angle": 0, "axis": "y", "origin": [9, 7, 7]},
			"faces": {
				"north": {"uv": [7.5, 5, 12.5, 5.5], "texture": "#0"},
				"east": {"uv": [9, 9.5, 10, 10], "texture": "#0"},
				"south": {"uv": [7.5, 5.5, 12.5, 6], "texture": "#0"},
				"west": {"uv": [1, 10, 2, 10.5], "texture": "#0"},
				"up": {"uv": [8.5, 5, 3.5, 4], "texture": "#0"},
				"down": {"uv": [5, 5, 0, 6], "texture": "#0"}
			}
		},
		{
			"from": [0, 8, 6],
			"to": [1, 9, 8],
			"rotation": {"angle": 0, "axis": "y", "origin": [9, 7, 7]},
			"faces": {
				"north": {"uv": [4.5, 10, 5, 10.5], "texture": "#0"},
				"east": {"uv": [10, 1.5, 11, 2], "texture": "#0"},
				"south": {"uv": [5, 10, 5.5, 10.5], "texture": "#0"},
				"west": {"uv": [10, 2, 11, 2.5], "texture": "#0"},
				"up": {"uv": [10.5, 3.5, 10, 2.5], "texture": "#0"},
				"down": {"uv": [10.5, 3.5, 10, 4.5], "texture": "#0"}
			}
		}
	],
	"display": {
		"thirdperson_righthand": {
			"rotation": [0, -90, 12],
			"translation": [-1, 2, -9.25]
		},
		"thirdperson_lefthand": {
			"rotation": [0, 91, -10],
			"translation": [1, 2.25, -8.5]
		},
		"firstperson_righthand": {
			"rotation": [0, -88, 0],
			"translation": [-0.75, 4, -9.5]
		},
		"firstperson_lefthand": {
			"rotation": [0, 104, 0],
			"translation": [4.5, 1.25, -15.5]
		},
		"gui": {
			"translation": [-1, 0.75, 0],
			"scale": [0.42, 0.42, 1]
		},
		"fixed": {
			"translation": [-0.25, 1, 0],
			"scale": [0.73, 0.73, 0.73]
		}
	},
	"groups": [
		{
			"name": "rocket",
			"origin": [8, 8, 8],
			"color": 0,
			"nbt": "{}",
			"armAnimationEnabled": false,
			"children": [0, 1, 2, 3, 4, 5, 6, 7, 8]
		}
	]
}