{
	"credit": "Made with Blockbench",
	"texture_size": [32, 32],
	"textures": {
		"0": "items/rocket_texture",
		"particle": "items/rocket_texture"
	},
	"elements": [
		{
			"from": [-2, 10, 7],
			"to": [17, 12, 9],
			"faces": {
				"north": {"uv": [0, 0, 9.5, 1], "texture": "#0"},
				"east": {"uv": [6.5, 12, 7.5, 13], "texture": "#0"},
				"south": {"uv": [0, 1, 9.5, 2], "texture": "#0"},
				"west": {"uv": [7.5, 12, 8.5, 13], "texture": "#0"},
				"up": {"uv": [9.5, 3, 0, 2], "texture": "#0"},
				"down": {"uv": [9.5, 3, 0, 4], "texture": "#0"}
			}
		},
		{
			"from": [8, 5, 7],
			"to": [10, 10, 9],
			"faces": {
				"north": {"uv": [11.5, 0, 12.5, 2.5], "texture": "#0"},
				"east": {"uv": [0, 12, 1, 14.5], "texture": "#0"},
				"south": {"uv": [1, 12, 2, 14.5], "texture": "#0"},
				"west": {"uv": [2, 12, 3, 14.5], "texture": "#0"},
				"up": {"uv": [9.5, 13, 8.5, 12], "texture": "#0"},
				"down": {"uv": [10.5, 12, 9.5, 13], "texture": "#0"}
			}
		},
		{
			"from": [3, 7, 7.5],
			"to": [4, 10, 8.5],
			"faces": {
				"north": {"uv": [11.5, 2.5, 12, 4], "texture": "#0"},
				"east": {"uv": [12.5, 0, 13, 1.5], "texture": "#0"},
				"south": {"uv": [12.5, 1.5, 13, 3], "texture": "#0"},
				"west": {"uv": [12.5, 3, 13, 4.5], "texture": "#0"},
				"up": {"uv": [12.5, 6, 12, 5.5], "texture": "#0"},
				"down": {"uv": [13.5, 3, 13, 3.5], "texture": "#0"}
			}
		},
		{
			"from": [10, 7, 7.5],
			"to": [11, 10, 8.5],
			"rotation": {"angle": -45, "axis": "z", "origin": [11.5, 8.5, 8]},
			"faces": {
				"north": {"uv": [12.5, 4.5, 13, 6], "texture": "#0"},
				"east": {"uv": [12.5, 12, 13, 13.5], "texture": "#0"},
				"south": {"uv": [13, 0, 13.5, 1.5], "texture": "#0"},
				"west": {"uv": [13, 1.5, 13.5, 3], "texture": "#0"},
				"up": {"uv": [13.5, 4, 13, 3.5], "texture": "#0"},
				"down": {"uv": [13.5, 4, 13, 4.5], "texture": "#0"}
			}
		},
		{
			"from": [17, 9, 6],
			"to": [23, 13, 10],
			"faces": {
				"north": {"uv": [6, 4, 9, 6], "texture": "#0"},
				"east": {"uv": [9.5, 0, 11.5, 2], "texture": "#0"},
				"south": {"uv": [6, 6, 9, 8], "texture": "#0"},
				"west": {"uv": [9.5, 2, 11.5, 4], "texture": "#0"},
				"up": {"uv": [3, 9, 0, 7], "texture": "#0"},
				"down": {"uv": [6, 7, 3, 9], "texture": "#0"}
			}
		},
		{
			"from": [-8, 9, 6],
			"to": [-2, 13, 10],
			"faces": {
				"north": {"uv": [6, 8, 9, 10], "texture": "#0"},
				"east": {"uv": [6, 10, 8, 12], "texture": "#0"},
				"south": {"uv": [0, 9, 3, 11], "texture": "#0"},
				"west": {"uv": [8, 10, 10, 12], "texture": "#0"},
				"up": {"uv": [6, 11, 3, 9], "texture": "#0"},
				"down": {"uv": [12, 4, 9, 6], "texture": "#0"}
			}
		},
		{
			"from": [-9, 8, 5],
			"to": [-8, 14, 11],
			"faces": {
				"north": {"uv": [12, 2.5, 12.5, 5.5], "texture": "#0"},
				"east": {"uv": [0, 4, 3, 7], "texture": "#0"},
				"south": {"uv": [3, 12, 3.5, 15], "texture": "#0"},
				"west": {"uv": [3, 4, 6, 7], "texture": "#0"},
				"up": {"uv": [4, 15, 3.5, 12], "texture": "#0"},
				"down": {"uv": [4.5, 12, 4, 15], "texture": "#0"}
			}
		},
		{
			"from": [23, 10, 7],
			"to": [29, 12, 9],
			"faces": {
				"north": {"uv": [10, 10, 13, 11], "texture": "#0"},
				"east": {"uv": [10.5, 12, 11.5, 13], "texture": "#0"},
				"south": {"uv": [0, 11, 3, 12], "texture": "#0"},
				"west": {"uv": [11.5, 12, 12.5, 13], "texture": "#0"},
				"up": {"uv": [6, 12, 3, 11], "texture": "#0"},
				"down": {"uv": [13, 11, 10, 12], "texture": "#0"}
			}
		}
	],
	"display": {
		"thirdperson_righthand": {
			"rotation": [0, 90, 0],
			"translation": [0, 0, 2.75]
		},
		"thirdperson_lefthand": {
			"rotation": [0, -91, 0],
			"translation": [0, -0.25, 2.25]
		},
		"firstperson_righthand": {
			"rotation": [0, 85, 0],
			"translation": [2.75, 0, -6.25]
		},
		"firstperson_lefthand": {
			"rotation": [0, -87, 0],
			"translation": [2.5, -1, -7.75]
		},
		"ground": {
			"translation": [0, 1.25, 0]
		},
		"gui": {
			"rotation": [0, 0, 52],
			"translation": [1.5, -2.25, 0]
		},
		"fixed": {
			"translation": [0, -1.25, 0]
		}
	},
	"groups": [
		{
			"name": "rocket launcher",
			"origin": [8, 8, 8],
			"color": 0,
			"nbt": "{}",
			"armAnimationEnabled": false,
			"children": [0, 1, 2, 3, 4, 5, 6, 7]
		}
	]
}