{
	"credit": "Made with Blockbench",
	"texture_size": [32, 32],
	"textures": {
		"0": "items/pistol_texture",
		"particle": "items/pistol_texture"
	},
	"elements": [
		{
			"from": [11.70711, 9.36396, 7],
			"to": [12.70711, 11.36396, 9],
			"rotation": {"angle": -45, "axis": "z", "origin": [12.20711, 10.86396, 8]},
			"faces": {
				"north": {"uv": [8, 6, 8.5, 7], "texture": "#0"},
				"east": {"uv": [8, 0, 9, 1], "texture": "#0"},
				"south": {"uv": [6.5, 8, 7, 9], "texture": "#0"},
				"west": {"uv": [8, 1, 9, 2], "texture": "#0"},
				"up": {"uv": [8.5, 8, 8, 7], "texture": "#0"},
				"down": {"uv": [8.5, 8, 8, 9], "texture": "#0"}
			}
		},
		{
			"from": [10, 2, 7],
			"to": [13, 8, 9],
			"rotation": {"angle": 22.5, "axis": "z", "origin": [11.5, 4.5, 8.5]},
			"faces": {
				"north": {"uv": [0, 6, 1.5, 9], "texture": "#0"},
				"east": {"uv": [3, 6, 4, 9], "texture": "#0"},
				"south": {"uv": [1.5, 6, 3, 9], "texture": "#0"},
				"west": {"uv": [4, 6, 5, 9], "texture": "#0"},
				"up": {"uv": [8.5, 5, 7, 4], "texture": "#0"},
				"down": {"uv": [8.5, 5, 7, 6], "texture": "#0"}
			}
		},
		{
			"from": [-2, 7, 7],
			"to": [12, 11, 9],
			"rotation": {"angle": 0, "axis": "z", "origin": [2.5, 4.5, 8]},
			"faces": {
				"north": {"uv": [0, 0, 7, 2], "texture": "#0"},
				"east": {"uv": [5, 6, 6, 8], "texture": "#0"},
				"south": {"uv": [0, 2, 7, 4], "texture": "#0"},
				"west": {"uv": [6, 6, 7, 8], "texture": "#0"},
				"up": {"uv": [7, 5, 0, 4], "texture": "#0"},
				"down": {"uv": [7, 5, 0, 6], "texture": "#0"}
			}
		},
		{
			"from": [5.0782, 6.39315, 7.5],
			"to": [10.0782, 7.39315, 8.5],
			"rotation": {"angle": -22.5, "axis": "z", "origin": [6.5782, 3.89315, 8]},
			"faces": {
				"north": {"uv": [0, 0, 7, 2], "texture": "#0"},
				"east": {"uv": [5, 6, 6, 8], "texture": "#0"},
				"south": {"uv": [0, 2, 7, 4], "texture": "#0"},
				"west": {"uv": [6, 6, 7, 8], "texture": "#0"},
				"up": {"uv": [7, 5, 0, 4], "texture": "#0"},
				"down": {"uv": [7, 5, 0, 6], "texture": "#0"}
			}
		},
		{
			"from": [13, 5, 7],
			"to": [14, 9, 9],
			"rotation": {"angle": 22.5, "axis": "z", "origin": [11.5, 4.5, 8.5]},
			"faces": {
				"north": {"uv": [8, 2, 8.5, 4], "texture": "#0"},
				"east": {"uv": [7, 0, 8, 2], "texture": "#0"},
				"south": {"uv": [5, 8, 5.5, 10], "texture": "#0"},
				"west": {"uv": [7, 2, 8, 4], "texture": "#0"},
				"up": {"uv": [9, 3, 8.5, 2], "texture": "#0"},
				"down": {"uv": [9, 3, 8.5, 4], "texture": "#0"}
			}
		},
		{
			"from": [12.35355, 9.51041, 7],
			"to": [13.35355, 12.51041, 9],
			"rotation": {"angle": -45, "axis": "z", "origin": [11.85355, 10.51041, 8]},
			"faces": {
				"north": {"uv": [5.5, 8, 6, 9.5], "texture": "#0"},
				"east": {"uv": [7, 6, 8, 7.5], "texture": "#0"},
				"south": {"uv": [6, 8, 6.5, 9.5], "texture": "#0"},
				"west": {"uv": [7, 7.5, 8, 9], "texture": "#0"},
				"up": {"uv": [9, 5, 8.5, 4], "texture": "#0"},
				"down": {"uv": [9, 5, 8.5, 6], "texture": "#0"}
			}
		}
	],
	"display": {
		"thirdperson_righthand": {
			"rotation": [0, -88, -21],
			"translation": [0, 2.25, 0]
		},
		"thirdperson_lefthand": {
			"rotation": [0, 90, 24],
			"translation": [0, 2.75, 0]
		},
		"firstperson_righthand": {
			"rotation": [-3, -98, 0],
			"translation": [3.25, 0.75, -5]
		},
		"firstperson_lefthand": {
			"rotation": [-3, 91, 0],
			"translation": [1.75, 1, -5.25]
		},
		"ground": {
			"translation": [1.5, 2.25, 0.25]
		},
		"gui": {
			"rotation": [0, 0, -27],
			"translation": [1.25, 0, 0]
		},
		"fixed": {
			"translation": [2, 0, 0]
		}
	},
	"groups": [
		{
			"name": "gun",
			"origin": [11.85355, 10.51041, 8],
			"color": 0,
			"nbt": "{}",
			"armAnimationEnabled": false,
			"children": [0, 1, 2, 3, 4, 5]
		}
	]
}